"","PC1","PC2","PC3","PC4","PC5","PC6","PC7","PC8","PC9","PC10","PC11","PC12"
"A",-1.34877908363717,10.7894422624204,0.166358712388903,-2.05911237556001,0.254216054967391,2.78819933616419,0.669208392156564,-1.76372524889368,0.604659642108247,1.13952476639168,0.933908941460693,0.790996764519111
"C",-10.3536782503833,6.28422078117368,8.55071867280922,4.57201094998851,-4.54428088185723,-5.16910477144582,2.03123298787256,1.93982509924605,1.94451826273439,-0.918523186988727,-1.34884139713373,-0.460880414119492
"D",14.2458711365994,1.2986816375307,2.92333024474735,4.55081385189755,5.37581654018698,-1.63269625905401,-1.96498744787535,1.41435347741094,2.14439479878058,1.51212304087951,0.888122354655242,1.0331398273422
"E",13.4211901823872,-2.58038092591187,2.67145340905252,-0.843216732760388,6.91600368639173,-1.36517623947365,-1.94360438752468,-1.38195554183837,2.19132197804187,-0.914018873163763,0.174875119665218,0.559461473317806
"F",-16.1879888514835,-4.95819600893045,-1.42336538297449,1.1895694799164,0.876223370762124,2.80355961109235,-1.41168683645714,0.524682922834635,-1.30904892228256,2.5905075446332,-0.815680861252381,0.11947664933889
"G",4.64590026274406,17.0340659432089,-2.76994769837346,0.424815825903661,-2.41284143004731,5.59391584682107,0.272918191097699,-1.32149908491154,3.18402675065864,-3.07403054814328,-0.580846023631396,0.508509520153545
"H",2.39643699191984,-4.65732907964486,1.90120733487252,3.0653939261849,-2.47728357738287,-0.874515630967865,-1.15787920898605,-4.81117434109664,-3.04229409135971,-2.33373493042917,4.85371771139024,-0.259550943867377
"I",-16.194070378177,1.21460272829556,0.15514245653176,-4.72692770005549,2.12993595960685,-1.12868990746002,-2.21547394189828,2.54722753521387,-0.309510511792653,-2.19229906333665,0.492399595958064,-2.18770361616749
"K",15.0993148192408,-8.1595045628836,-2.98947418517871,-6.28358080005731,-0.926617069723199,-3.18316069312214,5.85822358143635,0.141487793316462,0.981668364707239,-1.09508320502371,0.51142104320794,-0.0264519981020853
"L",-14.3501680783829,0.563270036487464,-0.707663114675496,-4.05276726962745,2.10958726639737,-0.3189161694337,-1.36646116939658,-2.21559778182664,0.0431406846417138,0.717467779814455,-1.37712740394585,-0.145386122002413
"M",-11.0236590675665,-1.57236361087287,1.89200572554255,0.0453911714330617,-0.652559020171248,-1.60270448585535,1.84915014941174,-5.23499653260208,1.05724677954499,3.50067203205802,-1.2991802509846,-1.00031054389861
"N",10.757602857929,0.710724635979447,1.40693066151768,2.16747522019753,1.00710716091668,2.09817515464402,0.0999853945383216,0.955366563480047,-3.59031199571193,-1.63774487360866,-1.88325333007736,-4.80413365082143
"P",5.42395160403735,5.57527388571297,-12.7681504496404,2.72178751749192,-2.32263320149843,-5.81066763165164,-2.71622996165574,0.195556688731221,-0.0319170550443389,0.892959544789023,-0.672898223402108,-0.633385365322064
"Q",11.0109590584582,-3.18618356646687,1.01525770255513,-0.554188648205923,1.77250535401419,1.14625840897817,1.63881488483904,-0.432902374372223,-1.45653487737544,0.320707486244806,-2.76824393122257,-0.366267096587844
"R",13.0456625547122,-13.1429874470208,3.09781288973584,-3.20953491490885,-7.54087537911951,2.35936291723368,-4.74313565597574,1.172461527907,2.14623838008899,1.27694167629589,-0.417246466152886,-0.0666050075213287
"S",7.46662913036474,7.74711514229964,0.804627787986011,0.479662375250914,-0.647080291975122,1.39862817750974,1.47989367086535,1.20403015572908,-2.00237303283602,2.22734529097032,0.204378882822157,0.252335205719251
"T",3.70453101598707,4.87973993172723,0.449643904088615,-0.857070242356079,-0.791218239046496,0.766133097999448,1.49660195195293,3.21313088279003,-3.02061638768346,2.85604134548399,2.19161993919131,2.23063271698932
"V",-12.1611113428484,4.77260728152186,1.70433253138724,-4.03514129851398,0.561498174049149,-2.00279233848052,-1.14055301701333,1.82945136916531,-0.714917180857387,-1.58498294372363,1.57172019084785,1.23935005574811
"W",-13.4678794187577,-12.7121891777023,-4.52277441191689,4.43413958737993,1.35713210282194,3.52890070525848,2.97871869980706,2.21122867061466,3.2364512231694,-0.0609272377801932,2.50929036378216,-1.46977218590804
"Y",-6.13071514314327,-9.90060988692417,-1.55744679045593,2.97048007640109,-0.0446365792929898,0.605290871243569,0.285263722805293,-0.18695178089813,-2.05614280953257,-3.22294564536312,-3.16813625517799,4.68654473118994
